variant,N,kernel_ms,gflops,errors
naive,128,0.032480,129.135,0
tiled,128,0.016288,257.509,0
naive,128,0.019136,219.184,0
tiled,128,0.015136,277.108,0
naive,128,0.020128,208.382,0
tiled,128,0.016384,256.000,0
naive,128,0.018816,222.912,0
tiled,128,0.014560,288.070,0
naive,128,0.020480,204.800,0
tiled,128,0.020480,204.800,0
naive,256,0.162816,206.088,0
tiled,256,0.069088,485.677,0
naive,256,0.099840,336.082,0
tiled,256,0.064192,522.720,0
naive,256,0.093440,359.101,0
tiled,256,0.065536,512.000,0
naive,256,0.099584,336.946,0
tiled,256,0.072160,465.000,0
naive,256,0.094208,356.174,0
tiled,256,0.064160,522.981,0
naive,512,1.151296,233.159,0
tiled,512,0.536032,500.783,0
naive,512,0.857440,313.066,0
tiled,512,0.557024,481.910,0
naive,512,0.802560,334.474,0
tiled,512,0.556224,482.603,0
naive,512,0.864256,310.597,0
tiled,512,0.537920,499.025,0
naive,512,0.860160,312.076,0
tiled,512,0.557056,481.882,0
